{"cameraMode":{"drawMode":0,"name":"Shaded","section":"Shading Mode"},"sceneLighting":false,"audioPlay":false,"sceneViewState":{"showFog":true,"showMaterialUpdate":false,"showSkybox":false,"showFlares":true,"showImageEffects":true,"showParticleSystems":true},"in2DMode":false,"pivot":{"x":-10.731050491333008,"y":1.1739319562911988,"z":-0.9362530708312988},"rotation":{"x":-0.047503791749477389,"y":0.8052212595939636,"z":0.06511498242616654,"w":0.587471067905426},"size":6.9778594970703129,"orthographic":false}