{"cameraMode":{"drawMode":0,"name":"Shaded","section":"Shading Mode"},"sceneLighting":false,"audioPlay":false,"sceneViewState":{"showFog":true,"showMaterialUpdate":false,"showSkybox":false,"showFlares":true,"showImageEffects":true,"showParticleSystems":true},"in2DMode":false,"pivot":{"x":6.437906265258789,"y":1.382746696472168,"z":-5.006086349487305},"rotation":{"x":-0.10805917531251908,"y":-0.8096252679824829,"z":0.15764635801315309,"w":-0.554957389831543},"size":14.946059226989746,"orthographic":false}