{"cameraMode":{"drawMode":0,"name":"Shaded","section":"Shading Mode"},"sceneLighting":false,"audioPlay":false,"sceneViewState":{"showFog":true,"showMaterialUpdate":false,"showSkybox":false,"showFlares":true,"showImageEffects":true,"showParticleSystems":true},"in2DMode":false,"pivot":{"x":-0.012910280376672745,"y":0.03289099782705307,"z":0.0},"rotation":{"x":-0.019185468554496766,"y":-0.015871815383434297,"z":-0.00030487868934869766,"w":0.9996899366378784},"size":0.43532291054725649,"orthographic":false}