{"cameraMode":{"drawMode":0,"name":"Shaded","section":"Shading Mode"},"sceneLighting":true,"audioPlay":false,"sceneViewState":{"showFog":true,"showMaterialUpdate":false,"showSkybox":true,"showFlares":true,"showImageEffects":true,"showParticleSystems":true},"in2DMode":false,"pivot":{"x":-7.772431373596191,"y":2.472321033477783,"z":76.16300964355469},"rotation":{"x":-0.003270557150244713,"y":0.15299345552921296,"z":-0.0005062283598817885,"w":-0.9882217049598694},"size":29.45376205444336,"orthographic":false}