{"cameraMode":{"drawMode":0,"name":"Shaded","section":"Shading Mode"},"sceneLighting":false,"audioPlay":false,"sceneViewState":{"showFog":true,"showMaterialUpdate":false,"showSkybox":false,"showFlares":true,"showImageEffects":true,"showParticleSystems":true},"in2DMode":false,"pivot":{"x":-9.479999542236329,"y":0.6000000238418579,"z":-1.1799999475479127},"rotation":{"x":-0.14622588455677033,"y":-0.2519373595714569,"z":0.03856145218014717,"w":-0.9558548927307129},"size":5.087675094604492,"orthographic":false}