{"cameraMode":{"drawMode":0,"name":"Shaded","section":"Shading Mode"},"sceneLighting":true,"audioPlay":false,"sceneViewState":{"showFog":true,"showMaterialUpdate":false,"showSkybox":true,"showFlares":true,"showImageEffects":true,"showParticleSystems":true},"in2DMode":false,"pivot":{"x":-9.59999942779541,"y":1.8700000047683716,"z":-10.480000495910645},"rotation":{"x":-0.01680647023022175,"y":0.004784807562828064,"z":-0.00006097926961956546,"w":-0.9998473525047302},"size":5.087675094604492,"orthographic":false}